time_s,target_angle_deg,current_angle_deg,resistance_torque_Nm
0.0,0.0,-8.0,0.8
0.01,0.0035530108282749717,-7.968495932055044,0.8083823040505206
0.02,0.014211482251502705,-7.929984061214379,0.8167301570585127
0.03,0.031973731173485787,-7.884465729369708,0.8250093025685189
0.04,0.05683695272921396,-7.831943401373681,0.8331858721936465
0.05,0.08879722072777985,-7.772420664592806,0.8412265768921849
0.06,0.12784948827237297,-7.705902228283303,0.8490988949525808
0.07,0.17398758855723728,-7.632393922790022,0.8567712556187054
0.08,0.22720423584149219,-7.551902698568482,0.8642132173121237
0.09,0.2874910265996222,-7.464436625030295,0.8713956394387745
0.1,0.3548384408484956,-7.370004889212036,0.8782908468039238
0.11,0.42923584365069656,-7.268617794267844,0.8848727857012596
0.12,0.5106714867938672,-7.160286757786009,0.8911171707893
0.13,0.5991325106459383,-7.045024309929698,0.8970016219206375
0.14,0.6946049461857601,-6.922844091402279,0.9025057901466328
0.15,0.7970737172090075,-6.793760851237402,0.9076114721816774
0.16,0.9065226427088913,-6.657790444414279,0.9123027126767183
0.17,1.0229344394312934,-6.514949829298548,0.9165658937210117
0.18,1.1462907246040293,-6.365257064909036,0.920389811063639
0.19,1.2765720188396712,-6.208731308010975,0.9237657366217846
0.2,1.4137577492116016,-6.045392810035985,0.926687466920693
0.21,1.5578262525026754,-5.875262913829479,0.9291513571901604
0.22,1.7087547786261332,-5.6983640502258295,0.9311563409239242
0.23,1.8665194942180874,-5.514719734451965,0.9327039347909079
0.24,2.031095486401067,-5.324354562359931,0.9337982288705192
0.25,2.202456766718091,-5.12729420648893,0.9344458622675887
0.26,2.3805762752365043,-4.923565411957622,0.9346559842456086
0.27,2.5654258848211016,-4.7131959921871385,0.9344402010992254
0.28,2.7569764055756667,-4.4962148244557,0.9338125090679664
0.29,2.955197589452459,-4.272651845285306,0.9327892136724988
0.3,3.1600581350286845,-4.04253804566144,0.9313888359318705
0.31,3.371525692449388,-3.80590546608638,0.9296320059947248
0.32,3.589566868535833,-3.5627871914670255,0.927541344788999
0.33,3.814147232058711,-3.3132173458379137,0.9251413343626936
0.34,4.045231319175196,-3.057231086920405,0.9224581776525678
0.35000000000000003,4.282782639029124,-2.7948646005187445,0.9195196484776745
0.36,4.5267636795133015,-2.526155094754027,0.9163549326102094
0.37,4.77713591319313,-2.251140794136841,0.9129944608268322
0.38,5.033859803390493,-1.9698609334796755,0.9094697348892008
0.39,5.296894810427102,-1.6823557516498742,0.9058131474426252
0.4,5.566199398026138,-1.3886664851643085,0.9020577968563138
0.41000000000000003,5.841731039871344,-1.0888353616266135,0.8982372980574223
0.42,6.123446226322413,-0.7829055930081426,0.8943855904338822
0.43,6.411300471285651,-0.470921368773654,0.8905367438976406
0.44,6.705248319238867,-0.15292784885279254,0.8867247642103936
0.45,7.005243352409321,0.1710288435414853,0.8829833986780888
0.46,7.311238198103621,0.5009016292464121,0.8793459433183748
0.47000000000000003,7.62318453618843,0.8366424806337145,0.8758450525968059
0.48,7.941033106720765,1.1782024292434947,0.8725125528130142
0.49,8.264733717726722,1.5255315735665285,0.8693792601973205
0.5,8.594235253127366,1.8785790869737067,0.8664748047514889
0.51,8.92948568081055,2.2372932257914107,0.8638274608346924
0.52,9.270432060847408,2.601621337521526,0.8614639854574252
0.53,9.617020553852148,2.971509869204768,0.859409465202302
0.54,9.969196429483949,3.34690437592608,0.857687172641663
0.55,10.32690407508949,3.727749529460662,0.8563184330679406
0.56,10.690087004484845,4.1139891270593525,0.855322502294144
0.5700000000000001,11.058687866875331,4.505566100371939,0.8547164562189129
0.58,11.4326484559118,4.90242252450692,0.8545150927837483
0.59,11.811909718882173,5.304499627226485,0.8547308468796048
0.6,12.19641176603648,5.711737798274983,0.8553737186864541
0.61,12.586093880044189,6.124076598839686,0.8564512158530975
0.62,12.98089452558216,6.541454771142148,0.8579683098458605
0.63,13.380751359051786,6.963810248158746,0.8599274067142947
0.64,13.785601238423778,7.391080163468857,0.8623283324400886
0.65,14.195380233209013,7.823200861229077,0.8651683329525246
0.66,14.610023634553905,8.260107906271962,0.8684420888104822
0.67,15.02946596545868,8.701736094327654,0.8721417444676446
0.68,15.453640991116961,9.148019462366797,0.8762569519547063
0.6900000000000001,15.882481729375005,9.598891299063126,0.8807749287304542
0.7000000000000001,16.315920461308966,10.05428415537402,0.885680529373083
0.71,16.753888741918473,10.51412985523741,0.890956330704469
0.72,17.196317410934956,10.978359506383388,0.8965827298637868
0.73,17.643136603742757,11.446903511258594,0.9025380547732822
0.74,18.094275762411648,11.919691578062022,0.9087986863685906
0.75,18.54966364683871,12.396652731890146,0.9153391918991481
0.76,19.009228345997958,12.877715325989804,0.9221324685413355
0.77,19.472897289295958,13.362807053117045,0.9291498965083956
0.78,19.940597258031538,13.851854957000064,0.9363615007872038
0.79,20.412254396957895,14.34478544390453,0.9437361205829488
0.8,20.887794225945157,14.841524294299354,0.9512415855089839
0.81,21.367141651741694,15.341996674621178,0.9588448975207795
0.8200000000000001,21.850220979832212,15.846127149135668,0.9665124175602711
0.8300000000000001,22.336955926390768,16.35383969189369,0.9742100558501234
0.84,22.827269630326878,16.865057698780568,0.981903464756703
0.85,23.32108466542281,17.37970399965655,0.9895582331259416
0.86,23.818323052560036,17.897700870586377,0.9971400809879142
0.87,24.318906272033043,18.41897004615621,1.004615053523852
0.88,24.82275527594855,18.943432731875998,1.011949713193505
0.89,25.329790500708015,19.47100961666506,1.019111328931219
0.9,25.83993187957173,20.001620885419275,1.0260680613357522
0.91,26.353098855302207,20.535186231657566,1.0327891428016096
0.92,26.86921039288518,21.071624870245955,1.0392450515684304
0.93,27.388184992325897,21.61085555019694,1.0454076786995092
0.9400000000000001,27.90994070151895,22.152796567542346,1.051250487040716
0.9500000000000001,28.434395129189493,22.697365778277607,1.0567486612566457
0.96,28.961465457903717,23.24448061137526,1.0618792480915293
0.97,29.491068457146728,23.794058081865835,1.066621286057984
0.98,30.023120496465598,24.346014803983927,1.0709559238167439
0.99,30.55753755867557,24.900267004377397,1.0748665265747885
1.0,31.094235253127366,25.45673053537766,1.0783387698973492
1.01,31.63312882903343,26.015320888328898,1.0813607204008013
1.02,32.17413318885107,26.575953206974184,1.0839229028679926
1.03,32.71716290172037,27.138542300896347,1.0860183534047039
1.04,33.26213221695463,27.703002659011347,1.0876426583352585
1.05,33.80895507758154,28.26924846311239,1.0887939786163294
1.06,34.35754513393238,28.837193601462072,1.0894730596302744
1.07,34.907815757277845,29.406751682431064,1.0896832263024159
1.08,35.45968005350755,29.977836048180585,1.089430363570063
1.09,36.013050876851686,30.550359788386928,1.0887228823143122
1.1,36.5678408436424,31.1242357540057,1.0875716709482675
1.11,37.12396234611258,31.699376571073515,1.0859900329368168
1.12,37.681327566230244,32.275694654545234,1.0839936106030466
1.1300000000000001,38.23984848956593,32.85310222216421,1.0816002956542925
1.1400000000000001,38.799436919191294,33.431511308363724,1.078830126936293
1.1500000000000001,39.36000448960632,34.01083377819704,1.0757051759964684
1.16,39.92146268069332,34.590981341294224,1.0722494211066422
1.17,40.48372283169532,35.17186556584335,1.06848861046107
1.18,41.04669615521655,35.75339789259377,1.06445011532717
1.19,41.61029375124302,36.33548964887951,1.0601627739834243
1.2,42.17442662118089,36.918052062660436,1.0556567273312791
1.21,42.73900568191037,37.5009962765789,1.050963247115173
1.22,43.303941779852934,38.08423336202973,1.0461145577268263
1.23,43.86914570504981,38.66767433324148,1.041143652606385
1.24,44.43452820524912,39.251230161366315,1.0360841062837023
1.25,44.99999999999999,39.83481178857686,1.0309698831278218
1.26,45.56547179475087,40.41833014216722,1.0258351438914306
1.27,46.13085429495018,41.00169614865641,1.0207140511495734
1.28,46.69605822014705,41.58482074789172,1.0156405747382027
1.29,47.26099431808962,42.16761490714978,1.0106482982981462
1.3,47.82557337881911,42.749989635233284,1.0057702280237824
1.31,48.389706248756966,43.331855996560826,1.0010386047031878
1.32,48.95330384478344,43.91312512524814,0.9964847201178253
1.33,49.516277168304676,44.49370823917788,0.9921387388450524
1.34,50.07853731930667,45.073516654056185,0.9880295264760488
1.35,50.63999551039369,45.652461797453775,0.9841844852252876
1.36,51.200563080808706,46.230455222829015,0.9806293978656901
1.37,51.76015151043407,46.80740862353118,0.9773882808762835
1.3800000000000001,52.31867243376976,47.38323384678138,0.9744832476368375
1.3900000000000001,52.87603765388743,47.95784290762915,0.9719343824468667
1.4000000000000001,53.43215915635761,48.53114800288228,0.9697596260848762
1.41,53.986949123148314,49.103061525008016,0.9679746735581537
1.42,54.540319946492446,49.67349607600303,0.9665928846241415
1.43,55.09218424272215,50.24236448123035,0.9656252075918504
1.44,55.6424548660676,50.809579803220686,0.9650801168363163
1.45,56.191044922418456,51.375055355436466,0.9649635643811798
1.46,56.73786778304535,51.93870471599587,0.9652789458245283
1.47,57.28283709827963,52.50044174135506,0.966027080801641
1.48,57.82586681114893,53.060180579946355,0.9672062080956718
1.49,58.36687117096656,53.61783568577006,0.9688119954240733
1.5,58.905764746872634,54.17332183193811,0.9708375638451721
1.51,59.44246244132443,54.726554124167,0.9732735266462339
1.52,59.97687950353439,55.2774480142182,0.9761080424920616
1.53,60.508931542853276,55.82591931328381,0.9793268825321486
1.54,61.03853454209628,56.37188420531517,0.9829135110850787
1.55,61.5656048708105,56.91525926029276,0.9868491794417317
1.56,62.090059298481044,57.45596144743479,0.9911130322542926
1.57,62.61181500767412,57.99390814834272,0.9956822259065563
1.58,63.13078960711482,58.52901717008151,1.0005320581929391
1.59,63.646901144697786,59.06120675819266,1.0056361085693395
1.6,64.16006812042826,59.590395609637746,1.0109663881789308
1.61,64.67020949929199,60.11650288567067,1.0164934988004146
1.62,65.17724472405145,60.639448224636375,1.0221867998155698
1.6300000000000001,65.68109372796695,61.15915175469426,1.0280145822473574
1.6400000000000001,66.18167694743997,61.67553410646393,1.0339442488796724
1.6500000000000001,66.6789153345772,62.188516425591665,1.0399424994352708
1.6600000000000001,67.17273036967313,62.69802038523532,1.045975519759653
1.67,67.66304407360923,63.203968198465866,1.0520091739359316
1.68,68.14977902016778,63.70628263058364,1.0580091982390512
1.69,68.6328583482583,64.20488701134703,1.063941395827268
1.7,69.11220577405484,64.6997052471122,1.0697718310646214
1.71,69.58774560304211,65.19066183288146,1.0754670223702119
1.72,70.05940274196847,65.67768186425864,1.0809941324984806
1.73,70.52710271070403,66.16069104930949,1.086321155169272
1.74,70.99077165400203,66.63961572032531,1.09141709698721
1.75,71.45033635316128,67.11438284548778,1.0962521536166798
1.76,71.90572423758836,67.58492004043339,1.1007978792113489
1.77,72.35686339625725,68.05115557971537,1.105027348135485
1.78,72.80368258906503,68.51301840816164,1.1089153080581382
1.79,73.24611125808153,68.97043815212675,1.112438323550255
1.8,73.68407953869104,69.42334513063587,1.1155749093687806
1.81,74.117518270625,69.87167036641964,1.118305652670381
1.82,74.54635900888304,70.31534559683759,1.1206133234603362
1.83,74.97053403454133,70.75430328468856,1.1224829726489993
1.84,75.3899763654461,71.18847662890661,1.123902017158629
1.85,75.80461976679099,71.61779957514047,1.1248603115969886
1.86,76.21439876157623,72.04220682621498,1.1253502060904332
1.87,76.61924864094821,72.46163385247283,1.1253665899478469
1.8800000000000001,77.01910547441784,72.87601690199519,1.1249069209073088
1.8900000000000001,77.41390611995581,73.28529301069906,1.1239712397992814
1.9000000000000001,77.80358823396352,73.68940001231047,1.122562170542982
1.9100000000000001,78.18809028111784,74.08827654821131,1.1206849054759442
1.92,78.5673515440882,74.4818620771587,1.1183471761000978
1.93,78.94131213312468,74.87009688487515,1.1155592094105808
1.94,79.30991299551515,75.25292209350788,1.1123336700554052
1.95,79.67309592491051,75.63027967095623,1.1086855886546108
1.96,80.03080357051606,76.00211244006509,1.1046322766861918
1.97,80.38297944614784,76.36836408768346,1.1001932284223992
1.98,80.72956793915259,76.72897917358645,1.0953900104736156
1.99,81.07051431918944,77.08390313925914,1.0902461395674041
2.0,81.40576474687263,77.43308231654136,1.0847869492571864
2.0100000000000002,81.73526628227329,77.77646393613159,1.0790394463179116
2.02,82.05896689327923,78.11399613594887,1.0730321576446704
2.0300000000000002,82.37681546381157,78.44562796935142,1.066794968524174
2.04,82.68876180189638,78.77130941321049,1.0603589531980453
2.05,82.99475664759066,79.09099137583827,1.0537561986806556
2.06,83.29475168076114,79.40462570476886,1.047019622832575
2.07,83.58869952871434,79.71216519439032,1.0401827877233516
2.08,83.87655377367759,80.01356359342775,1.0332797093440815
2.09,84.15826896012865,80.30877561227499,1.0263446647509933
2.1,84.43380060197386,80.59775693017471,1.0194119977358511
2.11,84.7031051895729,80.8804642022453,1.012515924127363
2.12,84.9661401966095,81.15685506635359,1.0056903378298632
2.13,85.22286408680687,81.42688814983214,0.9989686187013612
2.14,85.4732363204867,81.69052307604046,0.9923834433625879
2.15,85.71721736097088,81.94772047076859,0.9859666000120169
2.16,85.9547686808248,82.1984419684824,0.9797488082990745
2.17,86.18585276794128,82.4426502184096,0.9737595452790164
2.18,86.41043313146417,82.68030889046514,0.9680268784383737
2.19,86.6284743075506,82.91138268101562,0.9625773067397184
2.2,86.83994186497131,83.13583731848148,0.9574356105889027
2.21,87.04480241054755,83.35363956877586,0.9526247115772525
2.22,87.24302359442434,83.56475724057982,0.9481655427956304
2.23,87.43457411517889,83.7691591904527,0.9440769304572251
2.24,87.6194237247635,83.96681532777697,0.9403754875016564
2.25,87.79754323328191,84.15769661953652,0.9370755197849108
2.2600000000000002,87.96890451359894,84.34177509492815,0.9341889453880969
2.27,88.13348050578192,84.51902384980498,0.9317252275034786
2.2800000000000002,88.29124522137386,84.68941705095155,0.9296913212790817
2.29,88.44217374749732,84.8529299401895,0.9280916349238606
2.3000000000000003,88.5862422507884,85.00953883831355,0.9269280052943787
2.31,88.72342798116033,85.15922114885691,0.9261996881016656
2.32,88.85370927539597,85.30195536168573,0.9259033627938406
2.33,88.9770655605687,85.43772105642178,0.9260331520867032
2.34,89.0934773572911,85.56649890569305,0.9265806560312516
2.35,89.202926282791,85.6882706782117,0.9275350004244911
2.36,89.30539505381425,85.80301924167857,0.9288828992883968
2.37,89.40086748935406,85.91072856551452,0.9306087310619451
2.38,89.48932851320613,86.01138372341727,0.9326946280732176
2.39,89.5707641563493,86.10497089574393,0.9351205787831158
2.4,89.6451615591515,86.19147737171886,0.9378645422196522
2.41,89.71250897340038,86.27089155146598,0.9409025739525169
2.42,89.77279576415852,86.3432029478659,0.9442089628920398
2.43,89.82601241144276,86.40840218823703,0.947756378135167
2.44,89.87215051172763,86.46648101584083,0.951516025023971
2.45,89.91120277927222,86.51743229121043,0.9554578095298785
2.46,89.94316304727079,86.56124999330308,0.9595505100294774
2.47,89.96802626882652,86.5979292204757,0.9637619554957755
2.48,89.9857885177485,86.62746619128359,0.9680592090923167
2.49,89.99644698917173,86.64985824510222,0.9724087561268716
2.5,90.0,86.66510384257194,0.9767766952966382
2.5100000000000002,89.99644698917173,86.67320256586547,0.9811289321381886
2.52,89.9857885177485,86.67415511877832,0.9854313735828656
2.5300000000000002,89.96802626882652,86.66796332664184,0.9896501225120584
2.54,89.94316304727079,86.65463013605931,0.9937516712067769
2.5500000000000003,89.91120277927222,86.63415961446466,0.9977030925922322
2.56,89.87215051172763,86.60655694950424,1.0014722281906603
2.57,89.82601241144276,86.57182844824158,1.0050278717143255
2.58,89.77279576415852,86.52998153618529,1.0083399472554153
2.59,89.71250897340038,86.48102475614024,1.0113796810602391
2.6,89.6451615591515,86.42496776688242,1.014119765911599
2.61,89.57076415634931,86.36182134165703,1.0165345171851985
2.62,89.48932851320613,86.29159736650107,1.018600019693268
2.63,89.40086748935406,86.21430883838966,1.0202942644809323
2.64,89.30539505381425,86.1299698632072,1.0215972747979365
2.65,89.202926282791,86.03859565354298,1.0224912205298509
2.66,89.0934773572911,85.94020252631236,1.0229605204384573
2.67,88.9770655605687,85.83480790020313,1.0229919316302793
2.68,88.85370927539597,85.72243029294792,1.0225746257448032
2.69,88.72342798116033,85.6030893184231,1.0217002514293865
2.7,88.5862422507884,85.47680568357438,1.0203629827457816
2.71,88.44217374749732,85.34360118516966,1.0185595532331364
2.72,88.29124522137386,85.20349870637992,1.01628927543384
2.73,88.13348050578192,85.05652221318829,1.0135540457711876
2.74,87.96890451359894,84.90269675062805,1.0103583347510727
2.75,87.79754323328191,84.74204843885032,1.0067091625433122
2.7600000000000002,87.6194237247635,84.57460446902176,1.0026160600812914
2.77,87.43457411517889,84.40039309905306,0.998091015900912
2.7800000000000002,87.24302359442434,84.21944364915902,0.9931484090208686
2.79,87.04480241054755,84.0317864972506,0.9878049282456154
2.8000000000000003,86.83994186497131,83.83745307416011,0.9820794783495456
2.81,86.6284743075506,83.63647585869992,0.9759930736754954
2.82,86.41043313146417,83.4288883725556,0.9695687197522184
2.83,86.18585276794128,83.21472517501424,0.9628312836036288
2.84,85.95476868082481,82.99402185752912,0.9558073534869284
2.85,85.71721736097088,82.76681503812094,0.9485250888568946
2.86,85.4732363204867,82.53314235561716,0.9410140614092849
2.87,85.22286408680688,82.29304246372989,0.9333050881071586
2.88,84.9661401966095,82.04655502497356,0.9254300571397086
2.89,84.70310518957291,81.79372070442314,0.9174217478036344
2.9,84.43380060197387,81.53458116331394,0.9093136453320239
2.91,84.15826896012865,81.2691790524842,0.9011397517248966
2.92,83.87655377367759,80.9975580056611,0.8929343936589471
2.93,83.58869952871436,80.7197626325917,0.8847320285714373
2.94,83.29475168076115,80.43583851201944,0.8765670500246402
2.95,82.99475664759066,80.14583218450785,0.8684735934626745
2.96,82.68876180189639,79.84979114511218,0.8604853434720806
2.97,82.37681546381157,79.5477638358999,0.8526353436511174
2.98,82.05896689327925,79.2397996383223,0.8449558101807023
2.99,81.73526628227327,78.92594886543692,0.8374779501723231
3.0,81.40576474687263,78.60626275398339,0.8302317858454138
3.0100000000000002,81.07051431918944,78.28079345631289,0.8232459855588941
3.02,80.72956793915259,77.94959403217327,0.8165477026892283
3.0300000000000002,80.38297944614784,77.61271844035063,0.8101624233108543
3.04,80.03080357051606,77.27022153016898,0.8041138235947258
3.0500000000000003,79.67309592491051,76.92215903284907,0.7984236377975068
3.06,79.30991299551515,76.568587552728,0.7931115376683288
3.0700000000000003,78.94131213312467,76.20956455834087,0.7881950240526221
3.08,78.5673515440882,75.84514837336579,0.7836893314241312
3.09,78.18809028111784,75.47539816743394,0.7796073460275909
3.1,77.80358823396352,75.10037394680582,0.7759595382665504
3.11,77.41390611995583,74.72013654491549,0.7727539099243084
3.12,77.01910547441786,74.33474761278391,0.7699959567617866
3.13,76.61924864094821,73.94426960930329,0.7676886469952942
3.14,76.21439876157622,73.54876579139372,0.7658324161203454
3.15,75.804619766791,73.14830020403372,0.7644251785158226
3.16,75.3899763654461,72.74293767016617,0.7634623562364634
3.17,74.97053403454133,72.33274378048162,0.7629369253814914
3.18,74.54635900888304,71.91778488307997,0.7628394804135239
3.19,74.11751827062498,71.49812807301262,0.7631583167947992
3.2,73.68407953869102,71.07384118170671,0.7638795323070565
3.21,73.24611125808154,70.64499276627275,0.76498714742648
3.22,72.80368258906503,70.21165209869773,0.7664632451349402
3.23,72.35686339625725,69.7738891549255,0.7682881305617446
3.24,71.90572423758836,69.3317746038254,0.770440510864075
3.25,71.4503363531613,68.88537979605194,0.772897695766374
3.2600000000000002,70.99077165400203,68.43477675279637,0.7756358191855705
3.27,70.52710271070404,67.98003815443256,0.7786300823658158
3.2800000000000002,70.05940274196846,67.52123732905851,0.7818550189281908
3.29,69.5877456030421,67.05844824093562,0.7852847822016138
3.3000000000000003,69.11220577405483,66.59174547882752,0.7888934551342043
3.31,68.63285834825832,66.12120424424005,0.7926553829821277
3.3200000000000003,68.14977902016777,65.64690033956434,0.7965455288274333
3.33,67.66304407360926,65.16891015612553,0.80053985177909
3.34,67.17273036967312,64.68731066213742,0.8046157074536826
3.35,66.67891533457718,64.20217939056703,0.8087522700054686
3.36,66.18167694743995,63.71359442690903,0.8129309745716436
3.37,65.68109372796694,63.221634396873526,0.8171359785104972
3.38,65.17724472405148,62.726378453988005,0.8213546392318559
3.39,64.670209499292,62.22790626711602,0.8255780057469186
3.4,64.16006812042828,61.72629800789465,0.8298013202968599
3.41,63.64690114469779,61.2216343380922,0.8340245255582256
3.42,63.13078960711482,60.713996396888554,0.838252771973558
3.43,62.61181500767412,60.20346578808013,0.8424969187277822
3.44,62.090059298481044,59.69012456721128,0.8467740207993033
3.45,61.5656048708105,59.174055228634494,0.85110779337964
3.46,61.03853454209631,58.65534069250103,0.8555290438024934
3.47,60.508931542853254,58.13406429168424,0.8600760599841046
3.48,59.97687950353441,57.610309758638145,0.8647949432890814
3.49,59.442462441324444,57.08416121219196,0.8697398727427038
3.5,58.905764746872634,56.55570314428437,0.8749732866601625
3.5100000000000002,58.366871170966576,56.02502040663852,0.880565967107647
3.52,57.82586681114893,55.492198197379935,0.8865970122050012
3.5300000000000002,57.28283709827963,54.957322047599995,0.8931536811817847
3.54,56.73786778304535,54.42047780786662,0.9003310973645549
3.5500000000000003,56.19104492241845,53.88175163468445,0.9082317949572674
3.56,55.642454866067624,53.3412299769067,0.9169650966281752
3.5700000000000003,55.092184242722126,52.79899956210061,0.92664631057748
3.58,54.54031994649247,52.255147382869346,0.9373957379619974
3.59,53.98694912314832,51.70976068313111,0.9493374843152127
3.6,53.432159156357606,51.16292694435944,0.9625980719266221
3.61,52.876037653887416,50.614733871785326,0.9773048540186166
3.62,52.318672433769756,50.065269380564125,0.9935842359476291
3.63,51.76015151043409,49.514621581909346,1.0115597135024021
3.64,51.20056308080873,48.96287876919516,1.031349743597063
3.65,50.63999551039371,48.41012940403051,1.053065468158135
3.66,50.07853731930668,47.856462102306175,1.0768083176586238
3.67,49.516277168304676,47.301965620217665,1.1026675264138985
3.68,48.95330384478344,46.74672884026577,1.1307175972606167
3.69,48.389706248756966,46.19084075723723,1.1610157584138883
3.7,47.825573378819094,45.63439046416753,1.1935994599525852
3.71,47.260994318089665,45.07746713828816,1.2284839613266045
3.72,46.69605822014703,44.52016002696034,1.2656600643241978
3.73,46.1308542949502,43.96255843359823,1.3050920479017931
3.74,45.565471794750884,43.404751703582235,1.3467158619996802
3.75,45.00000000000001,42.84682921016653,1.3904376368041143
3.7600000000000002,44.43452820524914,42.288880340381745,1.4361325617614034
3.77,43.86914570504981,41.730994480935315,1.483644184930606
3.7800000000000002,43.30394177985294,41.17326100411211,1.532784177951619
3.79,42.739005681910356,40.615769253677044,1.5833326050249774
3.8000000000000003,42.174426621180885,40.058608530782294,1.635038725921687
3.81,41.61029375124305,39.50186807988111,1.6876223532911623
3.8200000000000003,41.04669615521654,38.94563707465041,1.7407757735921554
3.83,40.48372283169534,38.39000460392502,1.7941662290642264
3.84,39.92146268069333,37.835059657644344,1.8474389455618794
3.85,39.36000448960631,37.28089111281553,1.9002206781044515
3.86,38.79943691919128,36.72758771949384,1.9521237329989167
3.87,38.23984848956592,36.17523808678322,2.0027504127368485
3.88,37.681327566230266,35.623930668859046,2.0516978179275163
3.89,37.1239623461126,35.07375375101514,2.098562929680344
3.9,36.56784084364241,34.524795435737786,2.1429478864486273
3.91,36.0130508768517,33.97714362880812,2.184465361721204
3.92,35.45968005350755,33.430886025435754,2.222743943385403
3.93,34.907815757277845,32.88611009642563,2.257433412316471
3.94,34.35754513393238,32.34290307438012,2.2882098169447267
3.95,33.80895507758153,31.80135193993879,2.3147802423104307
3.96,33.26213221695467,31.261543408057914,2.3368871764583705
3.97,32.71716290172035,30.723563914331656,2.3543123838910764
3.98,32.174133188851094,30.18749960135793,2.3668802050523174
3.99,31.633128829033442,29.653436305149523,2.374460212236017
4.0,31.094235253127376,29.121459541594525,2.3769691656232697
4.01,30.557537558675577,28.591654492966658,2.3743722279933084
4.0200000000000005,30.023120496465598,28.06410599448847,2.366683412633236
4.03,29.491068457146728,27.538898520949246,2.353965255648156
4.04,28.96146545790371,27.016116173379746,2.3363277207867643
4.05,28.434395129189515,26.495842665786,2.3139263615782357
4.0600000000000005,27.909940701518934,25.978161311943957,2.286959781562863
4.07,27.388184992325865,25.46315501225774,2.255666448253687
4.08,26.86921039288519,24.950906240682592,2.220320929789188
4.09,26.353098855302218,24.441497031715294,2.181229634679566
4.1,25.839931879571772,23.935008967454277,2.1387261443244534
4.11,25.329790500708015,23.431523164730454,2.0931662348726703
4.12,24.82275527594854,22.93112026231231,2.0449226893660364
4.13,24.318906272033068,22.433880408185594,1.9943800029001422
4.14,23.818323052560054,21.93988324691093,1.941929082766568
4.15,23.321084665422795,21.449207907060917,1.8879620423106644
4.16,22.82726963032689,20.961932988738553,1.8328671817164133
4.17,22.336955926390768,20.478136551178793,1.7770242413472264
4.18,21.850220979832248,19.99789610043604,1.720800003915381
4.19,21.367141651741694,19.52128857715832,1.6645443109503706
4.2,20.887794225945147,19.048390344451356,1.6085865471455625
4.21,20.412254396957916,18.57927717583316,1.5532326335559041
4.22,19.940597258031556,18.114024243281953,1.498762557673948
4.23,19.472897289295943,17.652706105379224,1.4454284554934538
4.24,19.009228345997972,17.19539669554937,1.3934532481258137
4.25,18.54966364683872,16.742169310397834,1.3430298236787765
4.26,18.09427576241165,16.293096598150257,1.2943207442151135
4.2700000000000005,17.643136603742757,15.848250547193569,1.247458447909469
4.28,17.19631741093495,15.407702474721328,1.2025459081936904
4.29,16.75388874191847,14.97152301548508,1.1596577048495185
4.3,16.31592046130898,14.539782110653386,1.1188414567453726
4.3100000000000005,15.88248172937499,14.112548996780182,1.0801195622410673
4.32,15.453640991116941,13.689892194884814,1.0434911911735107
4.33,15.029465965458686,13.271879499644427,1.0089344717156905
4.34,14.610023634553905,12.858577968701333,0.9764088161619494
4.3500000000000005,14.195380233208983,12.450053912086787,0.9458573316939538
4.36,13.785601238423773,12.046372881762693,0.9172092652603958
4.37,13.380751359051782,11.647599661282701,0.8903824356787157
4.38,12.98089452558218,11.253798255575125,0.8652856107500124
4.39,12.586093880044203,10.865031880848269,0.8418207923770755
4.4,12.196411766036466,10.481362954620643,0.8198853782033446
4.41,11.811909718882184,10.102853085877083,0.7993741739699969
4.42,11.43264845591181,9.729563065352306,0.7801812364563603
4.43,11.058687866875356,9.361552855944115,0.7622015323806919
4.44,10.690087004484845,8.998881583256761,0.7453324038695437
4.45,10.326904075089478,8.641607526276992,0.7294748359527465
4.46,9.969196429483965,8.28978810818328,0.7145345259281548
4.47,9.617020553852164,7.943479887290342,0.7004227583095222
4.48,9.270432060847398,7.602738548130345,0.6870570923873598
4.49,8.929485680810561,7.2676188926718925,0.6743618721819189
4.5,8.59423525312737,6.938174831678148,0.662268570752914
4.51,8.264733717726727,6.6144593762060815,0.6507159824713077
4.5200000000000005,7.941033106720765,6.296524629247374,0.6396502779862656
4.53,7.62318453618843,5.984421777512879,0.6290249372774057
4.54,7.311238198103616,5.6782010833616186,0.6188005764181336
4.55,7.0052433524093365,5.377911876875816,0.6089446835446656
4.5600000000000005,6.705248319238858,5.083602548082888,0.5994312790838671
4.57,6.411300471285636,4.795320539326243,0.5902405145986762
4.58,6.123446226322418,4.513112337785225,0.5813582237179675
4.59,5.841731039871349,4.237023468146085,0.5727754375810511
4.6000000000000005,5.566199398026119,3.967098485424963,0.5644878760938438
4.61,5.296894810427102,3.7033809679438776,0.5564954251075184
4.62,5.033859803390493,3.445913510460702,0.5488016084289268
4.63,4.77713591319314,3.194737717454837,0.5414130623871883
4.64,4.526763679513311,2.9498941965688097,0.5343390195386472
4.65,4.282782639029114,2.7114225522075293,0.5275908070132559
4.66,4.0452313191752,2.4793613792958187,0.5211813640043754
4.67,3.814147232058711,2.253748257195187,0.5151247819910998
4.68,3.5895668685358526,2.034619743781231,0.5094358704632915
4.69,3.371525692449388,1.822011369681946,0.5041297501965853
4.7,3.1600581350286845,1.6159576326785907,0.49922147549656193
4.71,2.955197589452469,1.4164919922692605,0.4947256862945415
4.72,2.756976405575677,1.2236468643965466,0.49065629052641424
4.73,2.5654258848210914,1.037453616339985,0.4870261768536745
4.74,2.3805762752365145,0.8579425617740357,0.48384695748458956
4.75,2.202456766718091,0.6851429559922086,0.48112874061477906
4.76,2.031095486401067,0.5190829912986259,0.47887993182212646
4.7700000000000005,1.8665194942180874,0.3597897925671141,0.47710706361246713
4.78,1.7087547786261332,0.20728941296894088,0.47581465221219166
4.79,1.5578262525026754,0.06160682986975807,0.4750050806343683
4.8,1.4137577492116065,-0.07723405910367331,0.47467850699970765
4.8100000000000005,1.276572018839666,-0.2092104398262733,0.4748327970667904
4.82,1.1462907246040244,-0.33430058526627304,0.4754634799124293
4.83,1.0229344394312982,-0.45248385890541876,0.4765637256985855
4.84,0.9065226427088913,-0.5637407179868499,0.4781243444633968
4.8500000000000005,0.7970737172090026,-0.6680527165903172,0.4801338048778445
4.86,0.6946049461857551,-0.7654025085342793,0.4825782719142229
4.87,0.5991325106459333,-0.8557738501043939,0.4854416623763729
4.88,0.5106714867938722,-0.9391516026078606,0.4887057172435003
4.89,0.42923584365069656,-1.0155217347534173,0.4923500897787937
4.9,0.3548384408484956,-1.084871324856402,0.4963524483506449
4.91,0.2874910265996222,-1.1471885628686929,0.5006885929081868
4.92,0.22720423584149219,-1.202462752233152,0.5053325840443353
4.93,0.17398758855724228,-1.250684311562214,0.5102568835689677
4.94,0.12784948827237297,-1.2918447761404868,0.5154325055029608
4.95,0.08879722072777985,-1.3259367992509765,0.5208291763910581
4.96,0.05683695272921396,-1.352954153324875,0.5264155038187542
4.97,0.031973731173485787,-1.3728917309146151,0.5321591520061956
4.98,0.014211482251502705,-1.3857455454900882,0.5380270233412056
4.99,0.0035530108282749717,-1.3915127320579033,0.5439854447046588
5.0,0.0,-1.3901915476035611,0.5500003574350746
5.01,0.0035530108282749717,-1.381781371356512,0.5560375097761208
5.0200000000000005,0.014211482251502705,-1.3662827048780153,0.562062650651144
5.03,0.031973731173485787,-1.3436971719718196,0.5680417236133346
5.04,0.05683695272921396,-1.3140275184176455,0.5739410598290438
5.05,0.08879722072777985,-1.2772776115275475,0.5797275689653302
5.0600000000000005,0.12784948827237297,-1.2334524395252005,0.5853689268713566
5.07,0.17398758855724228,-1.1825581107482166,0.5908337589667723
5.08,0.22720423584149219,-1.1246018526736328,0.5960918182789504
5.09,0.2874910265996222,-1.0595920107666572,0.6011141571047813
5.1000000000000005,0.3548384408485006,-0.9875380471529862,0.6058732913117095
5.11,0.42923584365069656,-0.9084505391147631,0.610343356336728
5.12,0.5106714867938722,-0.8223411774104774,0.6145002539909288
5.13,0.5991325106459333,-0.7292227644191118,0.6183217892308301
5.14,0.6946049461857551,-0.6291092121087167,0.6217877961157673
5.15,0.7970737172090125,-0.522015539829878,0.6248802522329205
5.16,0.9065226427088863,-0.40795787193431765,0.6275833809377293
5.17,1.0229344394312934,-0.286953435218966,0.6298837408271707
5.18,1.1462907246040195,-0.15902055619614042,0.6317703019363194
5.19,1.2765720188396712,-0.024178658189901725,0.6332345082243319
5.2,1.4137577492116016,0.11755174174055516,0.6342703259941431
5.21,1.5578262525026654,0.2661490360503451,0.6348742779702506
5.22,1.7087547786261281,0.4215905301304794,0.6350454628405895
5.23,1.8665194942180925,0.5838524459009755,0.634785560151201
5.24,2.031095486401062,0.7529099255750946,0.6340988205256879
5.25,2.202456766718086,0.928737035594164,0.632992041264906
5.26,2.3805762752365043,1.111306770731993,0.6314745274654456
5.2700000000000005,2.5654258848210967,1.3005910583686942,0.6295580388777778
5.28,2.7569764055756667,1.4965607629329312,0.6272567228059925
5.29,2.955197589452459,1.6991856905120066,0.6245870334303855
5.3,3.1600581350286743,1.9084345936290361,0.6215676380113146
5.3100000000000005,3.371525692449393,2.1242751761865355,0.6182193105073003
5.32,3.589566868535843,2.3466740985753445,0.6145648132118603
5.33,3.814147232058706,2.5755969829485923,0.610628767081661
5.34,4.0452313191751905,2.811008418659421,0.6064375114928318
5.3500000000000005,4.282782639029134,3.0528719678617433,0.602018954222349
5.36,4.5267636795133015,3.301150171273188,0.5974024125069697
5.37,4.77713591319313,3.555804554099491,0.5926184460828557
5.38,5.033859803390484,3.8167956321188967,0.5876986831546485
5.39,5.2968948104270925,4.08408291792624,0.5826756402828808
5.4,5.566199398026149,4.357624927335182,0.5775825372132128
5.41,5.841731039871339,4.637379185937878,0.5724531076997004
5.42,6.123446226322403,4.9233022358211755,0.5673214073970594
5.43,6.411300471285626,5.215349642437742,0.5622216199135833
5.44,6.705248319238867,5.513476001631717,0.5571878621267715
5.45,7.005243352409321,5.81763494681711,0.5522539898679649
5.46,7.311238198103606,6.127779156308515,0.5474534050801536
5.47,7.623184536188415,6.443860360802382,0.5428188655447711
5.48,7.9410331067207744,6.765829351007904,0.538382298258692
5.49,8.264733717726713,7.093635985426301,0.5341746175218955
5.5,8.59423525312736,7.427229198277541,0.5302255487695117
5.51,8.92948568081055,7.766557007572559,0.5265634591493065
5.5200000000000005,9.270432060847408,8.111566523330454,0.5232151958073542
5.53,9.617020553852148,8.462203955938906,0.5202059328008317
5.54,9.969196429483949,8.81841462465665,0.5175590275078501
5.55,10.326904075089468,9.180142966256616,0.5152958873502913
5.5600000000000005,10.690087004484855,9.547332543808526,0.513435847586995
5.57,11.05868786687534,9.919926055599099,0.5119960608717585
5.58,11.432648455911796,10.297865344189214,0.510991399203747
5.59,11.811909718882168,10.681091405605937,0.510434368827509
5.6000000000000005,12.196411766036505,11.069544398668144,0.5103350385662012
5.61,12.586093880044189,11.463163654444358,0.5107009819953039
5.62,12.980894525582164,11.861887685841557,0.5115372337854601
5.63,13.380751359051766,12.265654197322602,0.5128462604625623
5.64,13.785601238423759,12.674400094751862,0.5146279457512923
5.65,14.195380233209022,13.088061495366487,0.5168795905854491
5.66,14.610023634553889,13.50657373787233,0.5195959277850647
5.67,15.02946596545867,13.929871392663054,0.5227691513169707
5.68,15.453640991116927,14.357888272159986,0.5263889599726075
5.69,15.882481729375005,14.790557441272231,0.5304426152149498
5.7,16.315920461308966,15.227811227974172,0.534915012865916
5.71,16.753888741918455,15.669581233999928,0.5397887682269773
5.72,17.19631741093493,16.115798345652138,0.5450443141493555
5.73,17.64313660374277,16.56639274472365,0.5506600114966262
5.74,18.094275762411637,17.021293919530454,0.5566122713721069
5.75,18.5496636468387,17.480430676054453,0.5628756884165946
5.76,19.00922834599795,17.943731149193386,0.5694231844190702
5.7700000000000005,19.472897289295958,18.411122814117086,0.5762261614244354
5.78,19.94059725803154,18.882532497727766,0.5832546634683392
5.79,20.412254396957895,19.357886390222667,0.5904775460201691
5.8,20.88779422594513,19.837110056757183,0.5978626521714587
5.8100000000000005,21.367141651741708,20.320128449206834,0.6053769945686407
5.82,21.850220979832226,20.806865918025597,0.6129869420564448
5.83,22.33695592639075,21.297246224199814,0.6206584099714646
5.84,22.82726963032687,21.791192551294774,0.6283570530046688
5.8500000000000005,23.321084665422845,22.28862751759241,0.6360484595370663
5.86,23.818323052560036,22.789473188318293,0.6436983463443154
5.87,24.318906272033047,23.293651087956295,0.6512727525640373
5.88,24.822755275948523,23.801082212647934,0.6587382318237052
5.89,25.329790500707997,24.311687042675768,0.6660620414375138
5.9,25.83993187957175,24.82538555502779,0.6732123275972246
5.91,26.353098855302196,25.34209723604134,0.6801583055047762
5.92,26.86921039288517,25.86174109412494,0.6868704334232074
5.93,27.388184992325847,26.384235672554738,0.6933205796569452
5.94,27.909940701518945,26.909499062345233,0.6994821815127513
5.95,28.434395129189493,27.437448915190586,0.7053303953381369
5.96,28.961465457903692,27.968002456476004,0.7108422367847909
5.97,29.491068457146707,28.501076498356046,0.7159967105000914
5.98,30.02312049646562,29.03658745289811,0.7207749285098449
5.99,30.55753755867556,29.57445134528908,0.7251602166196682
6.0,31.094235253127355,30.1145838271035,0.7291382082304939
6.01,31.63312882903342,30.65690018962997,0.7326969250352113
6.0200000000000005,32.17413318885107,31.201315377254986,0.7358268441379818
6.03,32.717162901720364,31.74774400090128,0.7385209512149346
6.04,33.26213221695465,32.296100351518916,0.7407747794142584
6.05,33.80895507758151,32.84629841362669,0.7425864337747288
6.0600000000000005,34.357545133932405,33.39825187890233,0.7439566010240131
6.07,34.90781575727787,33.95187415981817,0.7448885447011584
6.08,35.459680053507526,34.50707840332168,0.7453880856310662
6.09,36.01305087685167,35.06377750455755,0.7454635678619898
6.1000000000000005,36.56784084364242,35.62188412062934,0.7451258102596887
6.11,37.12396234611258,36.18131068439885,0.7443880440333845
6.12,37.681327566230244,36.741969418321226,0.7432658365485921
6.13,38.2398484895659,37.303772348312535,0.7417770018598302
6.140000000000001,38.7994369191913,37.86663131764916,0.739941498471669
6.15,39.360004489606325,38.430458000895115,0.7377813149091519
6.16,39.92146268069331,38.99516391785692,0.7353203437478841
6.17,40.48372283169532,39.56066044756232,0.7325842448196794
6.18,41.04669615521651,40.12685884226116,0.7296002983711355
6.19,41.61029375124302,40.693670241446725,0.7263972490096235
6.2,42.1744266211809,41.261005685894204,0.7230051413235064
6.21,42.739005681910335,41.828776131715365,0.7194551481107215
6.22,43.30394177985292,42.3968924644263,0.7157793921918636
6.23,43.86914570504983,42.965265513026104,0.7120107628203443
6.24,44.434528205249116,43.53380606408462,0.7081827277329341
6.25,44.999999999999986,44.10242487583724,0.7043291419087279
6.26,45.56547179475086,44.67103269228336,0.7004840541233155
6.2700000000000005,46.13085429495018,45.239540257287736,0.6966815123974426
6.28,46.69605822014705,45.807858328681554,0.6929553694457368
6.29,47.26099431808963,46.375897692361306,0.6893390892310782
6.3,47.82557337881908,46.9435691763832,0.685865555723903
6.3100000000000005,48.38970624875699,47.51078366505104,0.682566884953212
6.32,48.95330384478346,48.0774521129948,0.6794742414173369
6.33,49.516277168304654,48.64348555923861,0.6766176598977558
6.34,50.07853731930666,49.208795141255116,0.6740258736885506
6.3500000000000005,50.639995510393724,49.77329210900412,0.6717261502176289
6.36,51.200563080808706,50.33688783895353,0.6697441349938521
6.37,51.76015151043403,50.89949384808077,0.6681037047668841
6.38,52.31867243376976,51.461021807851296,0.6668268307342412
6.390000000000001,52.87603765388748,52.021383558172914,0.665933452572923
6.4,53.43215915635763,52.580491121323604,0.6654413640115048
6.41,53.9869491231483,53.13825671585074,0.6653661105929907
6.42,54.54031994649241,53.6945927704387,0.6657209002094623
6.43,55.09218424272215,54.24941193774382,0.6665165269169827
6.44,55.642454866067645,54.80262710819342,0.6677613084637543
6.45,56.19104492241847,55.35415142374781,0.6694610378866102
6.46,56.73786778304533,55.90389829162241,0.6716189494509796
6.47,57.28283709827965,56.45178139796777,0.6742356991279629
6.48,57.825866811148906,56.997714721505346,0.6773093597195515
6.49,58.36687117096659,57.54161254711789,0.6808354306597963
6.5,58.90576474687261,58.08338947939032,0.6848068624363299
6.51,59.44246244132438,58.62296045610118,0.6892140954935836
6.5200000000000005,59.97687950353439,59.16024076166072,0.6940451133967397
6.53,60.50893154285323,59.695146040494286,0.699285509954432
6.54,61.038534542096286,60.22759231036949,0.7049185699189079
6.55,61.565604870810475,60.75749597566334,0.7109253628051753
6.5600000000000005,62.090059298481066,61.28477384056952,0.7172848492961637
6.57,62.611815007674096,61.809343122241216,0.7239739996293676
6.58,63.13078960711484,62.33112146387,0.7309679232923918
6.59,63.64690114469777,62.85002694769621,0.7382400092905432
6.6000000000000005,64.1600681204283,63.36597810795114,0.7457620761895345
6.61,64.67020949929199,63.87889394372664,0.7535045310808475
6.62,65.17724472405142,64.38869393177244,0.7614365365665723
6.63,65.68109372796697,64.89529803921728,0.7695261848149954
6.640000000000001,66.18167694744001,65.3986267362126,0.7777406776980135
6.65,66.6789153345772,65.89860100849721,0.7860465119869005
6.66,67.1727303696731,66.39514236988026,0.7944096685542289
6.67,67.66304407360919,66.88817287464077,0.8027958045069366
6.68,68.14977902016778,67.37761512984193,0.8111704471589352
6.69,68.63285834825834,67.86339230755773,0.8194991887411486
6.7,69.11220577405484,68.34542815701086,0.8277478807427202
6.71,69.58774560304208,68.82364701661932,0.8358828267792042
6.72,70.05940274196847,69.29797382594968,0.843870972891918
6.73,70.52710271070403,69.7683341375755,0.8516800941972621
6.74,70.99077165400206,70.23465412883925,0.859278976825505
6.75,71.45033635316128,70.69686061351506,0.8666375941153593
6.76,71.9057242375883,71.15488105337145,0.8737272760632411
6.7700000000000005,72.35686339625724,71.60864356963135,0.8805208710645078
6.78,72.80368258906502,72.05807695432786,0.8869928990277035
6.79,73.24611125808153,72.50311068155476,0.8931196949919102
6.8,73.68407953869102,72.94367491860828,0.8988795424312372
6.8100000000000005,74.117518270625,73.37970053702043,0.9042527954890845
6.82,74.54635900888302,73.81111912348015,0.9092219894477362
6.83,74.97053403454134,74.2378629906424,0.9137719388056693
6.84,75.3899763654461,74.65986518782162,0.9178898224053825
6.8500000000000005,75.804619766791,75.07705951156994,0.9215652551281477
6.86,76.21439876157622,75.48938051613635,0.924790345748385
6.87,76.61924864094819,75.89676352380692,0.9275597406190448
6.88,77.01910547441786,76.2991446351235,0.9298706529398489
6.890000000000001,77.41390611995584,76.6964607389791,0.9317228774422036
6.9,77.80358823396352,77.08864952258949,0.9331187904074307
6.91,78.18809028111782,77.47564948133837,0.9340633350183236
6.92,78.56735154408815,77.85739992849456,0.9345639921273603
6.93,78.94131213312465,78.23384100480075,0.93463073660778
6.94,79.30991299551518,78.60491368793079,0.9342759795356419
6.95,79.67309592491051,78.97055980181533,0.9335144965315045
6.96,80.03080357051603,79.33072202583374,0.9323633426690017
6.97,80.38297944614786,79.68534390387077,0.9308417544339208
6.98,80.72956793915257,80.0343698532366,0.9289710392909759
6.99,81.07051431918946,80.37774517344934,0.9267744534858746
7.0,81.40576474687262,80.71541605487765,0.9242770687771348
7.01,81.73526628227324,81.04732958724333,0.9215056288550068
7.0200000000000005,82.05896689327923,81.37343376798124,0.9184883962634546
7.03,82.37681546381155,81.69367751045614,0.9152549906951215
7.04,82.68876180189639,82.00801065203508,0.911836219578206
7.05,82.99475664759066,82.31638396201335,0.9082639019180029
7.0600000000000005,83.29475168076114,82.61874914939395,0.9045706863941586
7.07,83.58869952871433,82.9150588705178,0.90078986474736
7.08,83.8765537736776,83.20526673654524,0.8969551815159176
7.09,84.15826896012865,83.48932732078586,0.8931006412034601
7.1000000000000005,84.43380060197387,83.76719616587721,0.8892603139735508
7.11,84.70310518957291,84.03882979080969,0.8854681409753973
7.12,84.96614019660949,84.30418569779778,0.8817577404069351
7.13,85.22286408680688,84.56322237899579,0.8781622154173648
7.140000000000001,85.47323632048672,84.81589932305707,0.8747139649407769
7.15,85.71721736097088,85.06217702153623,0.8714444985358416
7.16,85.9547686808248,85.30201697513282,0.8683842562837665
7.17,86.18585276794127,85.53538169977539,0.8655624347680066
7.18,86.41043313146416,85.76223473254566,0.8630068201246246
7.19,86.62847430755063,85.98254063744102,0.8607436291120455
7.2,86.83994186497131,86.19626501097505,0.8587973591033657
7.21,87.04480241054753,86.40337448761511,0.8571906478536845
7.22,87.24302359442434,86.60383674505569,0.8559441438393807
7.23,87.43457411517889,86.7976205093271,0.8550763879061821
7.24,87.61942372476351,86.98469555973895,0.8546037068986201
7.25,87.7975432332819,87.16503273365662,0.854540119875375
7.26,87.96890451359891,87.33860393111136,0.8548972574435096
7.2700000000000005,88.13348050578192,87.5053821192421,0.8556842946700356
7.28,88.29124522137386,87.66534133656867,0.8569078979521135
7.29,88.44217374749732,87.81845669709635,0.8585721861478681
7.3,88.5862422507884,87.96470439424998,0.8606787061887708
7.3100000000000005,88.72342798116033,88.10406170463794,0.863226423312249
7.32,88.85370927539597,88.23650699164499,0.8662117259701113
7.33,88.9770655605687,88.36201970885344,0.8696284453849875
7.34,89.0934773572911,88.48058040329217,0.8734678896437356
7.3500000000000005,89.202926282791,88.59217071851305,0.8777188921341897
7.36,89.30539505381425,88.69677339749398,0.8823678740500893
7.37,89.40086748935406,88.79437228536857,0.8873989206091281
7.38,89.48932851320613,88.8849523319816,0.8927938705510984
7.390000000000001,89.57076415634931,88.96849959426994,0.8985324184076884
7.4,89.6451615591515,89.04500123846888,0.9045922289628776
7.41,89.71250897340038,89.11444554214307,0.9109490632536417
7.42,89.7727957641585,89.17682189604201,0.9175769153950792
7.43,89.82601241144275,89.23212080577973,0.924448159452568
7.44,89.87215051172763,89.28033389333848,0.9315337055264882
7.45,89.91120277927222,89.32145389839597,0.9388031641626692
7.46,89.94316304727079,89.35547467947629,0.9462250181544416
7.47,89.96802626882652,89.3823912149239,0.9537668007601513
7.48,89.9857885177485,89.40219960370102,0.9613952793235406
7.49,89.99644698917173,89.4148970660079,0.9690766432537173
7.5,90.0,89.42048194372599,0.9767766952966367
7.51,89.99644698917173,89.4189537006841,0.9844610450113392
7.5200000000000005,89.9857885177485,89.41031292274725,0.9920953033516376
7.53,89.96802626882652,89.39456131772842,0.9996452772476759
7.54,89.94316304727079,89.371701715123,1.007077163081803
7.55,89.91120277927222,89.34173806566628,1.0143577379594262
7.5600000000000005,89.87215051172763,89.30467544071368,1.02145454768812
7.57,89.82601241144276,89.26052003144409,1.0283360903968888
7.58,89.7727957641585,89.20927914788638,1.0349719947523206
7.59,89.71250897340038,89.15096121776921,1.041333191759029
7.6000000000000005,89.6451615591515,89.08557578519427,1.0473920791682425
7.61,89.5707641563493,89.01313350913325,1.0531226775604239
7.62,89.48932851320613,88.93364616174888,1.0585007772150765
7.63,89.40086748935406,88.84712662653985,1.0635040749332747
7.640000000000001,89.30539505381424,88.75358889631056,1.068112300035521
7.65,89.20292628279098,88.65304807096553,1.0723073288190543
7.66,89.0934773572911,88.5455203551289,1.0760732868243097
7.67,88.97706556056872,88.43102305558962,1.0793966383294833
7.68,88.85370927539597,88.30957457857248,1.0822662625647514
7.69,88.72342798116031,88.18119442683557,1.0846735162131298
7.7,88.5862422507884,88.04590319659461,1.0866122818429023
7.71,88.44217374749734,87.90372257427431,1.0880790019964712
7.72,88.29124522137386,87.75467533308799,1.0890726987419892
7.73,88.13348050578192,87.59878532944538,1.0895949785767376
7.74,87.96890451359893,87.43607749918911,1.0896500226544448
7.75,87.79754323328191,87.26657785366123,1.0892445623921354
7.76,87.61942372476351,87.09031347559942,1.08838784059517
7.7700000000000005,87.4345741151789,86.90731251486424,1.0870915583214271
7.78,87.24302359442434,86.7176041839979,1.0853698077866147
7.79,87.04480241054755,86.52121875361499,1.083238991692002
7.8,86.83994186497134,86.31818754762632,1.080717729433029
7.8100000000000005,86.6284743075506,86.10854293829621,1.0778267507217834
7.82,86.41043313146417,85.89231834113463,1.0745887772278542
7.83,86.18585276794128,85.66954820962393,1.071028392910153
7.84,85.9547686808248,85.44026802978233,1.067171903776558
7.8500000000000005,85.71721736097086,85.20451431456388,1.063047187868291
7.86,85.4732363204867,84.96232459809647,1.0586835363215135
7.87,85.2228640868069,84.71373742975842,1.0541114864092838
7.88,84.9661401966095,84.45879236809488,1.0493626475126352
7.890000000000001,84.70310518957287,84.19752997457485,1.044469521009668
7.9,84.43380060197386,83.92999180718974,1.0394653151061397
7.91,84.15826896012867,83.6562204138944,1.0343837556597566
7.92,83.87655377367763,83.37625932589226,1.0292588940731475
7.930000000000001,83.58869952871436,83.09015305076464,1.024124913347157
7.94,83.29475168076112,82.79794706544646,1.019015933396531
7.95,82.99475664759068,82.49968780904834,1.0139658167342784
7.96,82.68876180189639,82.1954226755269,1.009007975628892
7.97,82.37681546381157,81.88520000620446,1.0041751818302218
7.98,82.05896689327925,81.56906908213901,0.9994993799452322
7.99,81.73526628227326,81.24708011634559,0.9950115055241042
8.0,81.40576474687265,80.9192842458709,0.9907413088903908
8.01,81.07051431918948,80.58573352372144,0.9867171857162934
8.02,80.72956793915259,80.24648091064745,0.9829660153058
8.03,80.38297944614787,79.9015802667835,0.9795130075046229
8.040000000000001,80.03080357051606,79.55108634314647,0.9763815591068511
8.05,79.67309592491048,79.19505477299366,0.9735931205742883
8.06,79.30991299551515,78.833542063041,0.9711670738258125
8.07,78.94131213312468,78.46660558454332,0.969120621791234
8.08,78.56735154408818,78.09430356423844,0.9674686903572396
8.09,78.18809028111784,77.71669507515607,0.9662238432626205
8.1,77.80358823396355,77.33384002729257,0.9653962104263919
8.11,77.41390611995587,76.94579915815427,0.9649934301160797
8.120000000000001,77.01910547441781,76.55263402316947,0.9650206052848146
8.13,76.61924864094821,76.15440698597202,0.9654802743253527
8.14,76.21439876157619,75.75118120855606,0.9663723964072318
8.15,75.80461976679098,75.34302064130608,0.9676943514803984
8.16,75.38997636544612,74.9299900129014,0.9694409549453051
8.17,74.97053403454136,74.51215482009825,0.9716044869061409
8.18,74.54635900888304,74.08958131739044,0.9741747358409893
8.19,74.11751827062503,73.66233650655049,0.9771390564407882
8.2,73.6840795386911,73.23048812605232,0.9804824412884577
8.21,73.24611125808148,72.794104640378,0.984187605970915
8.22,72.80368258906503,72.35325522921012,0.9882350871403617
8.23,72.35686339625727,71.90800977651013,0.9926033529676694
8.24,71.90572423758834,71.45843885948652,0.9972689253602376
8.25,71.4503363531613,71.00461373745334,1.0022065132498839
8.26,70.99077165400207,70.54660634058034,1.0073891561934025
8.27,70.52710271070404,70.08448925853789,1.0127883774698334
8.28,70.0594027419685,69.61833572903761,1.0183743458045278
8.290000000000001,69.58774560304211,69.14821962627006,1.0241160448010587
8.3,69.1122057740548,68.67421544924288,1.029981449118245
8.31,68.6328583482583,68.19639831001955,1.035937706391224
8.32,68.14977902016781,67.7148439218613,1.0419513238628566
8.33,67.66304407360921,67.22962858727456,1.0479883586649976
8.34,67.17273036967313,66.7408291859652,1.0540146106684156
8.35,66.67891533457724,66.24852316270113,1.0599958168055592
8.36,66.18167694744004,65.75278851508627,1.065897845761977
8.370000000000001,65.68109372796692,65.25370378124683,1.0716868919301294
8.38,65.17724472405145,64.75134802743284,1.077329667523493
8.39,64.67020949929194,64.24580083553495,1.0827935917593403
8.4,64.16006812042826,63.73714229052146,1.0880469760352054
8.41,63.64690114469781,63.22545296779448,1.0930592040468223
8.42,63.13078960711487,62.71081392046959,1.097800905824076
8.43,62.61181500767412,62.19330666657947,1.1022441246960364
8.44,62.090059298481094,61.67301317620466,1.1063624762363575
8.45,61.56560487081059,61.150015858532164,1.1101312982858578
8.46,61.03853454209624,60.62439754884522,1.1135277911998283
8.47,60.50893154285326,60.09624149544631,1.1165311475231332
8.48,59.976879503534434,59.56563134651329,1.119122670356264
8.49,59.44246244132441,59.032651136894025,1.1212858797397471
8.5,58.905764746872656,58.497385274839424,1.1230066064523967
8.51,58.36687117096662,57.959918528676894,1.124273072690421
8.52,57.825866811148934,57.420336013427764,1.125075959168931
8.53,57.28283709827968,56.878723177369714,1.1254084582645485
8.540000000000001,56.73786778304537,56.33516578854603,1.125266312897139
8.55,56.19104492241842,55.78974992122524,1.1246478409297032
8.56,55.6424548660676,55.242561942311795,1.1235539449477805
8.57,55.092184242722176,54.693688497710426,1.1219881073627613
8.58,54.54031994649244,54.143216498646886,1.119956370866922
8.59,53.98694912314833,53.59123310794677,1.1174673043512122
8.6,53.432159156357656,53.03782572627396,1.1145319544794394
8.61,52.87603765388751,52.48308197833222,1.1111637831939911
8.620000000000001,52.31867243376973,51.927089699030915,1.1073785915081673
8.63,51.76015151043406,51.369936919618326,1.1031944300181427
8.64,51.20056308080867,50.811711853782384,1.0986314966429982
8.65,50.63999551039368,50.25250288372446,1.0937120221738772
8.66,50.078537319306704,49.69239854620502,1.0884601442825608
8.67,49.516277168304725,49.131487518565784,1.0829017707053337
8.68,48.95330384478345,48.56985860472923,1.0770644323795477
8.69,48.389706248757015,48.00760072117853,1.0709771273673372
8.700000000000001,47.82557337881903,47.444802882918786,1.0646701564533296
8.71,47.260994318089594,46.88155418942426,1.0581749513504712
8.72,46.696058220147044,46.31794381057029,1.0515238964901035
8.73,46.13085429495022,45.754060972555806,1.044750145408895
8.74,45.56547179475085,45.18999494381587,1.0378874327758996
8.75,45.00000000000002,44.62583502092835,1.0309698831278218
8.76,44.43452820524919,44.06167051451515,1.0240318173992333
8.77,43.869145705049824,43.497590735142055,1.0171075583470648
8.78,43.30394177985299,42.933684979218455,1.0102312359749264
8.790000000000001,42.73900568191037,42.37004251489863,1.0034365940628462
8.8,42.17442662118086,41.806752567988504,0.9967567989017302
8.81,41.61029375124302,41.2439043078583,0.9902242513192749
8.82,41.04669615521659,40.68158683336424,0.9838704030654484
8.83,40.48372283169531,40.11988915878158,0.9777255786007898
8.84,39.92146268069334,39.558900199751186,0.9718188033001302
8.85,39.36000448960636,38.998708759240856,0.9661776390478786
8.86,38.79943691919137,38.4394035135253,0.9608280281589858
8.870000000000001,38.239848489565894,37.88107299818553,0.9557941465124336
8.88,37.68132756623024,37.32380559413133,0.9510982667317166
8.89,37.123962346112535,36.76768951364645,0.9467606321896924
8.9,36.56784084364238,36.21281278646247,0.9427993425537042
8.91,36.01305087685171,35.65926324585983,0.9392302515212545
8.92,35.4596800535076,35.10712851480085,0.9360668773272832
8.93,34.90781575727786,34.556495992095485,0.933320326531505
8.94,34.35754513393243,34.00745283860291,0.9309992315188103
8.950000000000001,33.80895507758146,33.460085963469794,0.9291097020678056
8.96,33.2621322169546,32.91448201040978,0.9276552912626479
8.97,32.71716290172036,32.37072734402301,0.9266369759417962
8.98,32.17413318885111,31.828908036161316,0.9260531517947336
8.99,31.63312882903341,31.289109852338736,0.9258996431344535
9.0,31.094235253127383,30.75141823819106,0.9261697272901246
9.01,30.557537558675627,30.215918305984935,0.9268541734812753
9.02,30.02312049646561,29.682694821180434,0.9279412959525415
9.03,29.491068457146778,29.15183218904834,0.9294170210669995
9.040000000000001,28.96146545790372,28.62341444134349,0.9312649679767803
9.05,28.434395129189454,28.09752522303825,0.9334665424125195
9.06,27.909940701518945,27.574247779116206,0.936001043058651
9.07,27.388184992325915,27.053664941429144,0.9388457799100287
9.08,26.869210392885165,26.535859115619555,0.9419762039372936
9.09,26.353098855302225,26.02091226811046,0.9453660473241264
9.1,25.83993187957178,25.508905913164014,0.9489874734794773
9.11,25.3297905007081,24.99992110001211,0.9528112359722929
9.120000000000001,24.822755275948516,24.494038400060013,0.956806845485582
9.13,24.318906272033043,23.991337894166186,0.9609427438410805
9.14,23.818323052559993,23.491899159998056,0.9651864841056094
9.15,23.321084665422806,22.995801259469026,0.9695049157556528
9.16,22.8272696303269,22.503122726255484,0.9738643738479394
9.17,22.336955926390814,22.013941553398137,0.9782308711210576
9.18,21.850220979832223,21.528335180988172,0.9825702919364653
9.19,21.367141651741733,21.046380483941252,0.9868485869568234
9.200000000000001,20.88779422594509,20.568153759859857,0.9910319674553607
9.21,20.41225439695786,20.093730716988173,0.9950870981521023
9.22,19.940597258031538,19.62318646225833,0.9989812874811567
9.23,19.472897289295982,19.15659548943304,1.0026826742078339
9.24,19.009228345997947,18.694031667344262,1.0061604093351428
9.25,18.549663646838724,18.235568228231045,1.0093848322659436
9.26,18.094275762411694,17.781277756177214,1.0123276402197012
9.27,17.643136603742768,17.331232175651998,1.014962049941098
9.28,17.19631741093499,16.885502740154784,1.0172629507815634
9.290000000000001,16.75388874191848,16.44416002096523,1.0192070482838091
9.3,16.31592046130893,16.007273896001937,1.0207729974534054
9.31,15.882481729375,15.574913538789978,1.0219415249600465
9.32,15.45364099111698,15.147147407539748,1.0226955395740531
9.33,15.029465965458664,14.724043234338989,1.023020230210503
9.34,14.610023634553913,14.30566801445952,1.022903151023806
9.35,14.195380233209047,13.892087995779784,1.0223342930691148
9.36,13.785601238423839,13.483368668326005,1.0213061421232899
9.370000000000001,13.38075135905176,13.079574753932594,1.0198137223367887
9.38,12.98089452558216,12.68077019602448,1.0178546254683547
9.39,12.586093880044158,12.287018149521174,1.015429025536299
9.4,12.196411766036475,11.898380970866748,1.0125396788030445
9.41,11.811909718882188,11.514920208184751,1.0091919090929284
9.42,11.432648455911846,11.13669659156148,1.0053935785266066
9.43,11.05868786687534,10.763770023458004,1.00115504383826
9.44,10.69008700448488,10.396199569253305,0.9964890985237372
9.450000000000001,10.32690407508944,10.034043447918869,0.9914109011482631
9.46,9.969196429483919,9.677359022828007,0.9859378902210026
9.47,9.617020553852148,9.326202792699014,0.9800896861200783
9.48,9.270432060847428,8.98063038267586,0.9738879806252412
9.49,8.929485680810547,8.640696535546365,0.967356414685804
9.5,8.59423525312738,8.306455103099943,0.9605204451182842
9.51,8.264733717726758,7.977959037625628,0.9534072009911279
9.52,7.9410331067207744,7.655260383552536,0.9460453305124528
9.53,7.623184536188455,7.338410269233674,0.9384648392907593
9.540000000000001,7.311238198103625,7.027458898873972,0.9306969208875284
9.55,7.0052433524092965,6.722455544604805,0.9227737806244647
9.56,6.705248319238862,6.423448538705351,0.9147284536464373
9.57,6.411300471285661,6.130485265972295,0.9065946182738349
9.58,6.123446226322403,5.843612156239406,0.8984064057048167
9.59,5.841731039871354,5.5628746770478665,0.8901982071486603
9.6,5.566199398026164,5.288317326468255,0.8820044794860252
9.61,5.296894810427142,5.019983626075961,0.8738595505603207
9.620000000000001,5.033859803390478,4.757916114080553,0.8657974252064283
9.63,4.77713591319313,4.502156338610816,0.8578515931189095
9.64,4.526763679513282,4.252744851155351,0.8500548396512845
9.65,4.282782639029119,4.009721200161498,0.8424390606213996
9.66,4.045231319175206,3.7731239247918538,0.8350350821750847
9.67,3.814147232058731,3.5429905488406646,0.8278724867315572
9.68,3.589566868535843,3.319357574810301,0.8209794459995194
9.69,3.371525692449408,3.1022604781491636,0.8143825620126598
9.700000000000001,3.1600581350286596,2.8917337016514706,0.8081067170877434
9.71,2.9551975894524443,2.687810650020646,0.802174933557749
9.72,2.7569764055756667,2.4905236845959076,0.796608244076982
9.73,2.5654258848211113,2.299904118244227,0.7914255732350235
9.74,2.3805762752365043,2.1159822104175343,0.7866436311520949
9.75,2.202456766718096,1.938787162376437,0.7822768196603641
9.76,2.031095486401082,1.7683471125807841,0.7783371516041716
9.77,1.8665194942180874,1.604689132248285,0.7748341837176493
9.78,1.708754778626148,1.447839221081633,0.7717749634610171
9.790000000000001,1.5578262525026754,1.2978223031646052,0.7691639901175494
9.8,1.4137577492115865,1.15466222302833,0.7670031903721694
9.81,1.2765720188396712,1.018381741887793,0.7652919085103205
9.82,1.1462907246040344,0.8890025340494128,0.7640269112927282
9.83,1.0229344394312885,0.7665451834903718,0.7632024074782315
9.84,0.9065226427088963,0.6510291806100932,0.7628100818836603
9.85,0.7970737172090175,0.5424729191542221,0.7628391437871141
9.86,0.6946049461857751,0.4408936933120274,0.7632763893995085
9.870000000000001,0.5991325106459333,0.34630769498721314,0.7641062780493074
9.88,0.5106714867938672,0.2587300112430209,0.7653110216474409
9.89,0.42923584365068657,0.17817462192148803,0.7668706869239519
9.9,0.3548384408484956,0.10465439743783911,0.7687633098553336
9.91,0.2874910265996222,0.038181096749847376,0.7709650216322623
9.92,0.22720423584149718,-0.021234634497154264,0.7734501854518424
9.93,0.17398758855724228,-0.07358326564955428,0.7761915433569837
9.94,0.12784948827237796,-0.11885638254862368,0.7791603722884314
9.950000000000001,0.08879722072777485,-0.15704668885743434,0.7823266484626368
9.96,0.05683695272920897,-0.18814800721117472,0.785659219141321
9.97,0.031973731173485787,-0.21215528019089527,0.7891259808166178
9.98,0.014211482251502705,-0.2290645711203178,0.7926940627991919
9.99,0.0035530108282749717,-0.23887306468568104,0.7963300151660515
